sigma,trial_index,path_panel_seed,n_paths,strike,vanilla_estimate,vanilla_se,cv_estimate,cv_se,beta,payoff_correlation,geometric_exact
0.1,0,20260716,500000,90.0,11.95632486970161,0.007967864402663212,11.961140051153885,0.00010738234738108745,1.008502323228622,0.9999091820607284,11.871913478172798
0.1,0,20260716,500000,95.0,7.4151830771921325,0.007469479103525069,7.419261027868082,9.719430639045399e-05,1.011570489009771,0.9999153378281447,7.337430824192104
0.1,0,20260716,500000,100.0,3.6486894589182644,0.0059801794601136325,3.6539438804459525,8.700538771566385e-05,1.017838826133348,0.99989415829006,3.5848072672843276
0.1,0,20260716,500000,105.0,1.3146365077988176,0.0037685884946470696,1.3202464855329663,8.008146541144424e-05,1.031165418368984,0.9997741991217708,1.270574186805144
0.1,0,20260716,500000,110.0,0.3329580739339213,0.0018522394384759978,0.3356306536815512,7.032210208381516e-05,1.0572225461871871,0.9992790319434425,0.31030219661698605
0.1,1,20260717,500000,90.0,11.97001497693703,0.007986319922360692,11.961127681094139,0.00010749151472094564,1.00852679215647,0.9999094174310794,11.871913478172798
0.1,1,20260717,500000,95.0,7.4287749074186165,0.007488264952522212,7.419273599953216,9.740425288543363e-05,1.011566055402082,0.9999153977700719,7.337430824192104
0.1,1,20260717,500000,100.0,3.6628164229979987,0.005997973512455334,3.653888570372555,8.727961252632872e-05,1.0178097817468728,0.9998941210737659,3.5848072672843276
0.1,1,20260717,500000,105.0,1.3255937511803209,0.003783330726605197,1.3201191216479276,8.024745196151737e-05,1.0310958661559666,0.9997750257838254,1.270574186805144
0.1,1,20260717,500000,110.0,0.3363567290007691,0.0018602217030838522,0.33564760188668874,7.102792389497555e-05,1.0570619328456738,0.9992707822887172,0.31030219661698605
0.1,2,20260718,500000,90.0,11.966198832075891,0.00797027179636745,11.96109878918792,0.00010739440922671809,1.0085364638867815,0.9999092165252307,11.871913478172798
0.1,2,20260718,500000,95.0,7.42457543135337,0.0074728188402014934,7.419219075121896,9.724643901165183e-05,1.0115980537329106,0.9999153227201162,7.337430824192104
0.1,2,20260718,500000,100.0,3.655578570954502,0.005985430350446949,3.6539838564495275,8.718792043681514e-05,1.017845847330512,0.9998939001134118,3.5848072672843276
0.1,2,20260718,500000,105.0,1.318372072891193,0.0037749190806364,1.3202295614216306,8.012864714376626e-05,1.0311755681161712,0.9997746906264153,1.270574186805144
0.1,2,20260718,500000,110.0,0.33435640957055235,0.0018586848150406617,0.3356644800621448,7.094926238321108e-05,1.0571835525785478,0.9992711929596961,0.31030219661698605
0.1,3,20260719,500000,90.0,11.966476944668658,0.007971280618826586,11.961283428665691,0.0001079242494498455,1.0085976850033123,0.999908341702563,11.871913478172798
0.1,3,20260719,500000,95.0,7.423617050651024,0.007476742088083311,7.419465191136679,9.793322617910081e-05,1.0116422520014148,0.999914212510901,7.337430824192104
0.1,3,20260719,500000,100.0,3.6552448077685273,0.005989207035114482,3.6541516286816837,8.774285610529118e-05,1.0179252533348948,0.9998926806111386,3.5848072672843276
0.1,3,20260719,500000,105.0,1.318104196904324,0.003779937688988655,1.320447553279697,8.073834750243262e-05,1.0312772491358517,0.999771855512666,1.270574186805144
0.1,3,20260719,500000,110.0,0.33533436842002246,0.0018678222567931595,0.3356850357853826,7.137487354114763e-05,1.0571627355514752,0.9992696210560817,0.31030219661698605
0.1,4,20260720,500000,90.0,11.964428850522513,0.007963033204555013,11.961156506867816,0.00010786395937687328,1.0085599694616085,0.9999082543272331,11.871913478172798
0.1,4,20260720,500000,95.0,7.420204363783355,0.007471662862624406,7.419336950285763,9.773441194250971e-05,1.011609177342592,0.9999144442787965,7.337430824192104
0.1,4,20260720,500000,100.0,3.6516644966871135,0.005985866627704986,3.653997435216769,8.744871008602883e-05,1.0178945341967767,0.9998932799739755,3.5848072672843276
0.1,4,20260720,500000,105.0,1.3182792537009833,0.0037720760619910066,1.3202473845586935,8.025563692729135e-05,1.0313010481555258,0.9997736349520202,1.270574186805144
0.1,4,20260720,500000,110.0,0.33396405234152043,0.001853466511771044,0.33578289392151467,7.128465379730653e-05,1.0575149635869687,0.9992601336148402,0.31030219661698605
0.1,5,20260721,500000,90.0,11.950377042664329,0.007973792840057668,11.961035227656799,0.00010733595275063414,1.0085289259749544,0.9999093954070527,11.871913478172798
0.1,5,20260721,500000,95.0,7.408211764978039,0.00747873381621663,7.419217297448731,9.725289538290864e-05,1.0115751217429996,0.9999154453895275,7.337430824192104
0.1,5,20260721,500000,100.0,3.644376619369637,0.005988758673626082,3.6538446900129786,8.690255263581588e-05,1.017850693596835,0.9998947106827994,3.5848072672843276
0.1,5,20260721,500000,105.0,1.3155055886579727,0.0037772676255842315,1.3201241870392981,7.983067610782225e-05,1.0311777482586846,0.9997766414349561,1.270574186805144
0.1,5,20260721,500000,110.0,0.3346994016157407,0.0018629151893313374,0.3356599759174803,7.082305938815646e-05,1.057074407429994,0.999277080046606,0.31030219661698605
0.1,6,20260722,500000,90.0,11.959113121302542,0.007973403161276928,11.961133346440718,0.00010786855731579451,1.0085657087100974,0.9999084850241046,11.871913478172798
0.1,6,20260722,500000,95.0,7.417587834934749,0.0074761649158699185,7.419292422672912,9.782432970587685e-05,1.0116182882890972,0.999914389977624,7.337430824192104
0.1,6,20260722,500000,100.0,3.651972570456033,0.005985717552497803,3.6539797163729455,8.757713504144713e-05,1.0179037376637934,0.999892960942646,3.5848072672843276
0.1,6,20260722,500000,105.0,1.317399314552619,0.003774205706064557,1.3203187775289955,8.061107983473536e-05,1.0312658981940113,0.9997718828767878,1.270574186805144
0.1,6,20260722,500000,110.0,0.3342370825576631,0.0018589288460108674,0.3357272289678726,7.158368422866126e-05,1.05732923861954,0.9992582908198662,0.31030219661698605
0.1,7,20260723,500000,90.0,11.96458445078253,0.007988683797974738,11.96141500846438,0.00010814042424675816,1.0085961111977821,0.999908374664926,11.871913478172798
0.1,7,20260723,500000,95.0,7.423027752008381,0.007491913484766611,7.419557137476274,9.799973540467301e-05,1.011644085382982,0.9999144435251583,7.337430824192104
0.1,7,20260723,500000,100.0,3.658376111902592,0.006001886131035706,3.6541605247822613,8.782404653773735e-05,1.0179156863017222,0.9998929357109343,3.5848072672843276
0.1,7,20260723,500000,105.0,1.323988249704715,0.0037902114725417396,1.3203100799813068,8.067637084054043e-05,1.0312484249753233,0.9997734390653036,1.270574186805144
0.1,7,20260723,500000,110.0,0.3379010020981995,0.0018716712810579145,0.33567287697185,7.110815331594797e-05,1.0573530178734472,0.999278051116765,0.31030219661698605
0.15,0,20260724,500000,90.0,12.159532164898014,0.011535945259152747,12.163837029646256,0.00021586580313496788,1.0140143982168035,0.9998249067717525,11.99014401697133
0.15,0,20260724,500000,95.0,8.023801926879823,0.010441644361993546,8.028500661449105,0.00019677956314764192,1.0189047106659495,0.999822404989564,7.8739682989695385
0.15,0,20260724,500000,100.0,4.6986259644327575,0.008611644980220616,4.701692062129352,0.00018085783165395797,1.0263058999722128,0.9997794432748796,4.569785546793221
0.15,0,20260724,500000,105.0,2.4067304557308273,0.0063879695986905185,2.4079905283327854,0.0001694545433744195,1.0381291802849641,0.9996480935877193,2.302527607409305
0.15,0,20260724,500000,110.0,1.0734406725626897,0.004279216209933654,1.0735768995002668,0.0001594306236054035,1.0566746866476222,0.9993057181348557,0.9988610652656825
0.15,1,20260725,500000,90.0,12.167506577259,0.011538645111323721,12.164329305951217,0.00021512391560729894,1.0140446138208064,0.999826189701915,11.99014401697133
0.15,1,20260725,500000,95.0,8.031485870238429,0.010444024046011339,8.02897092064472,0.00019602852811505473,1.0189352345765164,0.9998238384629643,7.8739682989695385
0.15,1,20260725,500000,100.0,4.705117984897006,0.008613629393856929,4.702233045783704,0.0001802435460251881,1.0263192122483786,0.999781040075251,4.569785546793221
0.15,1,20260725,500000,105.0,2.412118385196897,0.006387511038534263,2.408255360142224,0.0001689744917496283,1.0381656446022454,0.9996500347078345,2.302527607409305
0.15,1,20260725,500000,110.0,1.0772044076403897,0.004271896028836796,1.0739373121808622,0.00015957930701521308,1.0567426125886235,0.9993020354048507,0.9988610652656825
0.15,2,20260726,500000,90.0,12.148727193001223,0.011556894092327415,12.164178918411752,0.00021662179745892047,1.014077635098493,0.9998243168140495,11.99014401697133
0.15,2,20260726,500000,95.0,8.018165240902368,0.010455855292393816,8.02878379795184,0.00019756329453395925,1.0189803953089005,0.9998214737165211,7.8739682989695385
0.15,2,20260726,500000,100.0,4.698850102364036,0.008621140843109247,4.701939090088419,0.00018153034575648204,1.0263948548892972,0.999778289051345,4.569785546793221
0.15,2,20260726,500000,105.0,2.410634254362618,0.0063945681630274585,2.408141711957059,0.00016980503704931452,1.0382763376101452,0.9996473651093473,2.302527607409305
0.15,2,20260726,500000,110.0,1.0763503558017509,0.004284172154627548,1.073761218728131,0.00015947266684093078,1.0569820328314898,0.9993069585531763,0.9988610652656825
0.15,3,20260727,500000,90.0,12.160464890824944,0.01153746394759719,12.163822693325589,0.00021547080366548789,1.0139362473756695,0.9998255929536937,11.99014401697133
0.15,3,20260727,500000,95.0,8.025999639894728,0.010440532008051878,8.02846099535007,0.0001964523818033428,1.0188163783012703,0.9998229573957828,7.8739682989695385
0.15,3,20260727,500000,100.0,4.700255242308768,0.00861042446917777,4.701643736240843,0.0001806543387682086,1.0261784181197755,0.9997798769731214,4.569785546793221
0.15,3,20260727,500000,105.0,2.4078679588950007,0.0063855687581997845,2.407806298979167,0.00016932846223657644,1.0379459792208632,0.9996483528291666,2.302527607409305
0.15,3,20260727,500000,110.0,1.0745602630950186,0.004274117652237444,1.0732994794846848,0.000159183237972804,1.056427457790044,0.9993062189923801,0.9988610652656825
0.15,4,20260728,500000,90.0,12.165833713834513,0.01152940572253842,12.164129317177323,0.00021556233746800925,1.013997691556664,0.9998252006203776,11.99014401697133
0.15,4,20260728,500000,95.0,8.029586902167788,0.01043448966426866,8.028726557176213,0.00019621855474313984,1.0189061745495613,0.9998231740003164,7.8739682989695385
0.15,4,20260728,500000,100.0,4.701462741333485,0.008605605644168393,4.702017213242652,0.0001804095697398927,1.0262963671765142,0.9997802271750453,4.569785546793221
0.15,4,20260728,500000,105.0,2.407452089353588,0.006381365287961766,2.408095069321757,0.00016892273136393874,1.0381481729687758,0.999649574998643,2.302527607409305
0.15,4,20260728,500000,110.0,1.0740819900317948,0.004267647694563335,1.07375627858916,0.00015916959729233183,1.0567758436370638,0.9993042323543858,0.9988610652656825
0.15,5,20260729,500000,90.0,12.15340900642489,0.011523919173162107,12.1640006032008,0.0002154339608867969,1.013982983768034,0.999825242477334,11.99014401697133
0.15,5,20260729,500000,95.0,8.019111116880218,0.010426219689186493,8.028642033307646,0.0001965813194177357,1.0188854384124553,0.9998222378253189,7.8739682989695385
0.15,5,20260729,500000,100.0,4.6954594006565635,0.008591754995672347,4.701966697769533,0.00018098528916003854,1.0262797470028249,0.9997781083426671,4.569785546793221
0.15,5,20260729,500000,105.0,2.403070742857684,0.006364510354668174,2.408168673235127,0.000169531763009667,1.0381548498663875,0.9996451709051859,2.302527607409305
0.15,5,20260729,500000,110.0,1.0677956320682687,0.004253612769006648,1.0737331098600362,0.0001593610245975598,1.0568068603060203,0.9992979455363473,0.9988610652656825
0.15,6,20260730,500000,90.0,12.166340526040274,0.011540281864376282,12.163946118335822,0.0002162902024517581,1.0140129048946922,0.9998243496539928,11.99014401697133
0.15,6,20260730,500000,95.0,8.028436841686258,0.010449770719528597,8.028608544694308,0.00019726940933002053,1.018894821018003,0.9998217971409445,7.8739682989695385
0.15,6,20260730,500000,100.0,4.7028800149961345,0.008620631546438719,4.701704704110755,0.00018114296833606364,1.0262919847341165,0.9997792082992589,4.569785546793221
0.15,6,20260730,500000,105.0,2.4109640604849263,0.006396392455213467,2.407937795901516,0.00016968672495350662,1.0381088936998004,0.999648057297136,2.302527607409305
0.15,6,20260730,500000,110.0,1.0775210871143115,0.00428518199725944,1.0735648806950921,0.00015970951393862805,1.0566651986488305,0.9993052254022955,0.9988610652656825
0.15,7,20260731,500000,90.0,12.163280758683651,0.011521039340091131,12.163650384046967,0.0002154918103026125,1.0139771214581719,0.999825061171661,11.99014401697133
0.15,7,20260731,500000,95.0,8.02759561055416,0.010424297182461023,8.02838139413994,0.00019637354952557802,1.0188680144449573,0.9998225479782701,7.8739682989695385
0.15,7,20260731,500000,100.0,4.69670291341712,0.00859847799245487,4.701825694925911,0.00018062316155367163,1.026240294174393,0.9997793410060152,4.569785546793221
0.15,7,20260731,500000,105.0,2.403324588099164,0.006374642986254148,2.407904186261837,0.00016906687534482646,1.0380989783534258,0.9996482357383929,2.302527607409305
0.15,7,20260731,500000,110.0,1.070956678135663,0.00426305906543074,1.073542661598628,0.0001587308542124703,1.0567493353430526,0.9993065732149528,0.9988610652656825
0.2,0,20260732,500000,90.0,12.612959203823738,0.014779328165165173,12.611197393819898,0.00035889286747855587,1.0212520193085077,0.9997051138926302,12.332965537661329
0.2,0,20260732,500000,95.0,8.83904346157194,0.013315187850861294,8.836397336640072,0.0003324490194242341,1.0271487434421147,0.9996882595053876,8.588558491925143
0.2,0,20260732,500000,100.0,5.786408619352722,0.011345023691777546,5.781565376242499,0.00031128216260820676,1.0350782897724997,0.9996235134888659,5.56550883134935
0.2,0,20260732,500000,105.0,3.5311532024875785,0.009130146765468273,3.5241097434063122,0.0002951533748445462,1.0461928816139767,0.9994773348978259,3.3423236618569656
0.2,0,20260732,500000,110.0,2.011461253587303,0.006967466328729723,2.0033930602571783,0.0002823704793012541,1.0616037177329372,0.9991784438245987,1.858679924392263
0.2,1,20260733,500000,90.0,12.651856610942419,0.014796801487433363,12.611266767836625,0.00036124520091343243,1.0214048699312481,0.9997019403344832,12.332965537661329
0.2,1,20260733,500000,95.0,8.873829661040201,0.013335667047223441,8.836518145555456,0.0003344545610225813,1.0273132201621402,0.9996854547940957,8.588558491925143
0.2,1,20260733,500000,100.0,5.815092124484609,0.011367227435538202,5.781640503623577,0.0003128127714068465,1.0353040667909732,0.9996212853530192,5.56550883134935
0.2,1,20260733,500000,105.0,3.5523185258090058,0.009151520660424073,3.524428816200613,0.00029624382015661175,1.0465131933067713,0.9994759220456985,3.3423236618569656
0.2,1,20260733,500000,110.0,2.0231923786576225,0.006987808066854784,2.0038767038633205,0.0002827276956302708,1.0621123535941512,0.9991811532635076,1.858679924392263
0.2,2,20260734,500000,90.0,12.577789647664469,0.014727649303336896,12.611085472617795,0.00035809604560627296,1.021207240630294,0.9997043578247217,12.332965537661329
0.2,2,20260734,500000,95.0,8.810399403791278,0.013252095471427305,8.8364177759057,0.0003317766055033717,1.027135456786484,0.9996865556252335,8.588558491925143
0.2,2,20260734,500000,100.0,5.761931979788869,0.011273438898119032,5.781623308264966,0.00031039391387038904,1.0351498694179035,0.999620889425272,5.56550883134935
0.2,2,20260734,500000,105.0,3.5101892022356607,0.009049765721298285,3.524547189706356,0.0002944437358073665,1.0464142754946666,0.9994705621925875,3.3423236618569656
0.2,2,20260734,500000,110.0,1.9914561293975301,0.006880417142362219,2.0040395508133733,0.0002811983358802906,1.0621748206187294,0.9991644981359277,1.858679924392263
0.2,3,20260735,500000,90.0,12.618553132501912,0.014771074189564833,12.61177545337127,0.00036151428084738653,1.0214307148228619,0.9997004551816853,12.332965537661329
0.2,3,20260735,500000,95.0,8.843031076107131,0.013307813575902269,8.837124745100736,0.00033477087741245017,1.0273545046860195,0.9996835386671712,8.588558491925143
0.2,3,20260735,500000,100.0,5.787745070994607,0.011339088606574859,5.78221534006995,0.00031317627148634434,1.035374109843163,0.999618517824463,5.56550883134935
0.2,3,20260735,500000,105.0,3.5314771045271276,0.009123356828376823,3.5249438781943465,0.000296807453019649,1.0466157270206238,0.9994706715414237,3.3423236618569656
0.2,3,20260735,500000,110.0,2.0114354271253854,0.006958507589472541,2.0041293661331787,0.0002828152288028749,1.0623058641470156,0.999173728380351,1.858679924392263
0.2,4,20260736,500000,90.0,12.628628971401858,0.014771927194844351,12.61119216611079,0.00036063331575835616,1.021351955679472,0.9997019479569461,12.332965537661329
0.2,4,20260736,500000,95.0,8.851352276135765,0.01331026119480371,8.836623027765306,0.0003343769820380657,1.027249555458379,0.9996843991726704,8.588558491925143
0.2,4,20260736,500000,100.0,5.793683842206605,0.01134279569704695,5.781837556116896,0.00031293741836708355,1.035224923770982,0.9996193485916404,5.56550883134935
0.2,4,20260736,500000,105.0,3.534632660787856,0.009128467820659162,3.524606213352134,0.00029690163038393767,1.0463963129535347,0.9994709285909316,3.3423236618569656
0.2,4,20260736,500000,110.0,2.0139116741636904,0.006963110020125592,2.0037682467081814,0.00028353459297260174,1.0619700315575447,0.9991706158494624,1.858679924392263
0.2,5,20260737,500000,90.0,12.60042260983882,0.014742301664608928,12.61124285961818,0.00035910958863197707,1.0212192527446464,0.9997032724586212,12.332965537661329
0.2,5,20260737,500000,95.0,8.826030568111184,0.013276909408371196,8.83637334246396,0.0003322971577263676,1.0271560808219424,0.9996867455124204,8.588558491925143
0.2,5,20260737,500000,100.0,5.77154549128783,0.011306626822903341,5.781746524184771,0.00031123473648602383,1.0351233270992777,0.9996210671087274,5.56550883134935
0.2,5,20260737,500000,105.0,3.51714828096403,0.009089835181004112,3.5242772722542175,0.0002948458217560967,1.0463291173186384,0.9994737862116397,3.3423236618569656
0.2,5,20260737,500000,110.0,1.9998226489805075,0.006924172220966973,2.0035099240981813,0.00028106428289960015,1.0619511074121044,0.9991758151868563,1.858679924392263
0.2,6,20260738,500000,90.0,12.610048289978936,0.014748444113549834,12.611062959704919,0.0003608175764999182,1.0213624837364197,0.9997006922517475,12.332965537661329
0.2,6,20260738,500000,95.0,8.833281728561328,0.013286183802938317,8.836573064540373,0.0003345740092868446,1.0272769183854278,0.999682880637179,8.588558491925143
0.2,6,20260738,500000,100.0,5.777015192492987,0.01131834294836397,5.781871942654805,0.0003132080759693886,1.0352796354541567,0.9996170400336566,5.56550883134935
0.2,6,20260738,500000,105.0,3.520014374805956,0.00910444018010222,3.5246792754979244,0.00029688215883125137,1.0465040705310167,0.9994682013829943,3.3423236618569656
0.2,6,20260738,500000,110.0,2.0013146425465416,0.006942466678810511,2.00400968430337,0.0002833833406148263,1.0621189559741235,0.9991665644072467,1.858679924392263
0.2,7,20260739,500000,90.0,12.599782214070828,0.014765269042393368,12.611452896796788,0.0003602845902492601,1.0213508438785786,0.999702255801216,12.332965537661329
0.2,7,20260739,500000,95.0,8.827083942767098,0.01329944495481443,8.836860007226296,0.0003339080229375662,1.0272575959828496,0.9996847717461016,8.588558491925143
0.2,7,20260739,500000,100.0,5.776484094622703,0.011327496228212646,5.781908174282381,0.00031253339998792173,1.035255036137842,0.999619304538074,5.56550883134935
0.2,7,20260739,500000,105.0,3.5259253479398436,0.009107852205819491,3.5243689168033927,0.0002961384642771413,1.0464960293333194,0.9994712595643926,3.3423236618569656
0.2,7,20260739,500000,110.0,2.00793066972157,0.006940107485464645,2.0037512318140007,0.00028242678083506323,1.062185133792501,0.9991716206192908,1.858679924392263
0.3,0,20260740,500000,90.0,13.969917723517066,0.020977684236557582,13.976481316982051,0.0007760032190107793,1.0386771678136586,0.9993155675214425,13.426427548190048
0.3,0,20260740,500000,95.0,10.695707476698004,0.019178065673382958,10.701585453422332,0.000736733640367841,1.0457740151126778,0.999261854937975,10.20185438722585
0.3,0,20260740,500000,100.0,7.967620034395266,0.017116691970792058,7.970633772135226,0.000703024540525552,1.0544349916295017,0.9991561707446861,7.521044831211036
0.3,0,20260740,500000,105.0,5.784987018172884,0.014934211618209776,5.782730336057319,0.0006765551108742769,1.0650422975144889,0.9989733208119764,5.382745035293228
0.3,0,20260740,500000,110.0,4.099837984354308,0.012769401414061344,4.093522975947747,0.0006553520814250667,1.0780381558607919,0.9986821543346897,3.7441307468427723
0.3,1,20260741,500000,90.0,13.96747995022967,0.020986962038246335,13.978822342143827,0.0007789465746359588,1.0389206329378182,0.9993109736350084,13.426427548190048
0.3,1,20260741,500000,95.0,10.694660843991626,0.019186790715021506,10.703404158539577,0.0007387500502071557,1.0460852425553795,0.9992584824696972,10.20185438722585
0.3,1,20260741,500000,100.0,7.969580850177538,0.01712297282632722,7.972859602050619,0.0007056206805032439,1.0547714014995393,0.99915054815073,7.521044831211036
0.3,1,20260741,500000,105.0,5.785823084088778,0.01494197313719891,5.784731929393847,0.0006788951249226996,1.0654447286441435,0.9989672771348079,5.382745035293228
0.3,1,20260741,500000,110.0,4.100845600102731,0.012777724345002593,4.095567931242825,0.0006573267145276711,1.0785124765459295,0.9986759232634452,3.7441307468427723
0.3,2,20260742,500000,90.0,13.970908001895525,0.02092192697011666,13.976301944734093,0.0007738028938940474,1.0385829456522302,0.999315811240394,13.426427548190048
0.3,2,20260742,500000,95.0,10.696598269803566,0.019117049783500213,10.701619386230549,0.0007352211273981763,1.0456889011331034,0.9992601819921372,10.20185438722585
0.3,2,20260742,500000,100.0,7.966999520852104,0.01704958350124235,7.971164469298404,0.0007023250206210876,1.054350100821235,0.9991512044581222,7.521044831211036
0.3,2,20260742,500000,105.0,5.779369701175856,0.014862877644111597,5.783525740192444,0.0006764886653502386,1.0649937382939083,0.9989636407005035,5.382745035293228
0.3,2,20260742,500000,110.0,4.087895269046483,0.0126949810876987,4.09465602486404,0.0006546481040400037,1.0780457611040786,0.9986695127271537,3.7441307468427723
0.3,3,20260743,500000,90.0,13.98109865836417,0.020924438533051412,13.976683914479787,0.0007706487205535869,1.0384635252511971,0.999321542494557,13.426427548190048
0.3,3,20260743,500000,95.0,10.704818588047598,0.019121077880426145,10.701584692566495,0.0007314330101014831,1.0455742328141604,0.9992680973219751,10.20185438722585
0.3,3,20260743,500000,100.0,7.974670272428986,0.017052951856193658,7.971184970909578,0.0006989875512053128,1.0542079288441175,0.9991595879201531,7.521044831211036
0.3,3,20260743,500000,105.0,5.784597458697931,0.014866855008595381,5.783584831393527,0.0006736308969486525,1.0647978093895887,0.9989729327729165,5.382745035293228
0.3,3,20260743,500000,110.0,4.094987845621706,0.012695566669005155,4.093912618030045,0.0006518293776347169,1.0778404971358633,0.9986810747613437,3.7441307468427723
0.3,4,20260744,500000,90.0,13.974096176241979,0.020943159897378025,13.976586675880403,0.0007693624051634423,1.0385637660816052,0.9993250150265691,13.426427548190048
0.3,4,20260744,500000,95.0,10.699914531672214,0.01913963774793615,10.701583603334058,0.0007301848589299525,1.0456723542591266,0.9992720084582501,10.20185438722585
0.3,4,20260744,500000,100.0,7.970830248048579,0.017073638240947927,7.971014798625362,0.0006973050319492565,1.054320603415344,0.9991656569257467,7.521044831211036
0.3,4,20260744,500000,105.0,5.78393960034151,0.014888479782531458,5.782856673436321,0.0006703460711807396,1.0649670418865598,0.9989858838513732,5.382745035293228
0.3,4,20260744,500000,110.0,4.095171554170222,0.012719771689053881,4.094352321533646,0.0006500245757993687,1.0779602366500147,0.998693363606273,3.7441307468427723
0.3,5,20260745,500000,90.0,13.996798712306187,0.020951785403141847,13.975604870470477,0.0007652356761557806,1.0383225881219191,0.9993327889113865,13.426427548190048
0.3,5,20260745,500000,95.0,10.720934626920348,0.01914783649039296,10.700512425058552,0.0007261227134534631,1.045393475506571,0.9992807053193572,10.20185438722585
0.3,5,20260745,500000,100.0,7.988795175537615,0.017081463117107423,7.970352180893203,0.000694425918753387,1.0539453446529021,0.9991732936614022,7.521044831211036
0.3,5,20260745,500000,105.0,5.79945728084802,0.014893888281803363,5.782473721926348,0.0006686791238110614,1.064470857017365,0.998991656822628,5.382745035293228
0.3,5,20260745,500000,110.0,4.10610720008037,0.01272355816720486,4.09331626604202,0.0006473714602803568,1.0773628104676003,0.9987047867247664,3.7441307468427723
0.3,6,20260746,500000,90.0,13.997310259485673,0.020936322871768272,13.975824146883266,0.0007697356942393687,1.0385570628767835,0.9993239181510924,13.426427548190048
0.3,6,20260746,500000,95.0,10.71701755735841,0.019136806029386767,10.701415237521987,0.0007312880896440121,1.0456355762661627,0.9992695899663542,10.20185438722585
0.3,6,20260746,500000,100.0,7.98065889351101,0.01707531480438225,7.970985208059985,0.0006986678108583242,1.0542735173694622,0.9991625557163819,7.521044831211036
0.3,6,20260746,500000,105.0,5.790226445524298,0.01489095011423207,5.783124605384145,0.0006727484071627992,1.0648872498016604,0.9989789375131849,5.382745035293228
0.3,6,20260746,500000,110.0,4.099795063866791,0.012721690201947716,4.094352727923586,0.000652340217137712,1.0778708095894032,0.9986844285263395,3.7441307468427723
0.3,7,20260747,500000,90.0,13.954562992691526,0.02089684916091687,13.977018437002531,0.0007696720094125094,1.0384890094211698,0.9993214729908748,13.426427548190048
0.3,7,20260747,500000,95.0,10.679711374045176,0.01909287080616373,10.701955015483623,0.0007303253805109487,1.0456150565575595,0.9992681547285178,10.20185438722585
0.3,7,20260747,500000,100.0,7.949931385182763,0.017026801156453816,7.97158384173647,0.00069756265306126,1.0542620516713175,0.9991604382112399,7.521044831211036
0.3,7,20260747,500000,105.0,5.762915814419955,0.014842105521920857,5.783869195421382,0.0006713347097151488,1.0648824724730934,0.9989765197157859,5.382745035293228
0.3,7,20260747,500000,110.0,4.07496478367616,0.01267522527669997,4.0946935079604785,0.0006501463443148501,1.0779052165420628,0.9986836638344009,3.7441307468427723
0.4,0,20260748,500000,90.0,15.630471143466615,0.027322063662222215,15.652757176705508,0.0013737301605748025,1.0583846145685427,0.9987352036396745,14.746181127409086
0.4,0,20260748,500000,95.0,12.678533048447486,0.025397315656775745,12.696406585505407,0.0013214281531801811,1.0662288386600085,0.9986455103066195,11.859262623004671
0.4,0,20260748,500000,100.0,10.153595141394412,0.023319614435914023,10.166962311154297,0.0012768329757764244,1.0752249613803195,0.9984998961712706,9.396461011721586
0.4,0,20260748,500000,105.0,8.03635647099708,0.02117603562926019,8.046228118474657,0.0012390898360317055,1.0856121553722686,0.9982866010564401,7.341044585589993
0.4,0,20260748,500000,110.0,6.2939502112177665,0.01904228394233773,6.30102008229834,0.0012073333712742317,1.0975639753626758,0.9979880209402825,5.660339571496881
0.4,1,20260749,500000,90.0,15.649524026095637,0.027332116935873015,15.652985092600218,0.0013760163869913136,1.0583776908968547,0.9987319215471947,14.746181127409086
0.4,1,20260749,500000,95.0,12.692763538100339,0.02541117207268961,12.697038561656996,0.0013241774136053628,1.0661951248255164,0.9986413484465048,11.859262623004671
0.4,1,20260749,500000,100.0,10.162047512457441,0.023338261439736885,10.167243159681105,0.001279151539943728,1.0751871725526445,0.9984968458241502,9.396461011721586
0.4,1,20260749,500000,105.0,8.04230470240804,0.02119707838321176,8.046433280516537,0.0012417426258374386,1.0855504040951078,0.9982826680647287,7.341044585589993
0.4,1,20260749,500000,110.0,6.299263968856839,0.019064455371819857,6.3012117369031015,0.0012103450916234118,1.0974541999146312,0.9979826655516293,5.660339571496881
0.4,2,20260750,500000,90.0,15.612346461545265,0.027245479881074137,15.651614525192905,0.0013610493580847335,1.0581354305417823,0.9987514669837488,14.746181127409086
0.4,2,20260750,500000,95.0,12.659088914809558,0.02531908561475899,12.695635370041474,0.0013088796216241532,1.0659630585191202,0.9986629001917945,11.859262623004671
0.4,2,20260750,500000,100.0,10.132515227047767,0.023239824912475372,10.166632926284414,0.0012649968409818371,1.074937140741037,0.9985174640591717,9.396461011721586
0.4,2,20260750,500000,105.0,8.013134682538308,0.021095499693697468,8.046378685102225,0.0012280787218700857,1.0852913022406647,0.9983040571662672,7.341044585589993
0.4,2,20260750,500000,110.0,6.268949384918886,0.018961798839970297,6.301276388211821,0.0011972552254533523,1.0972058368513797,0.9980046553693928,5.660339571496881
0.4,3,20260751,500000,90.0,15.678157593468818,0.027327422690247488,15.654890807263689,0.001388397551825182,1.058788537897882,0.9987085402911418,14.746181127409086
0.4,3,20260751,500000,95.0,12.718327527690212,0.025405672972534,12.699127350026409,0.0013359401069821752,1.0666726813945717,0.9986164874475636,11.859262623004671
0.4,3,20260751,500000,100.0,10.183678273214943,0.023331598831814952,10.169513209008516,0.0012902615286596538,1.0757619924272233,0.9984697269790314,9.396461011721586
0.4,3,20260751,500000,105.0,8.059222776321072,0.02118885905365755,8.049271922443696,0.0012518537068537713,1.0862418315615017,0.9982532067842164,7.341044585589993
0.4,3,20260751,500000,110.0,6.310327429715201,0.019055481770613728,6.303814235739976,0.001219652896882512,1.098343592213745,0.9979495550313008,5.660339571496881
0.4,4,20260752,500000,90.0,15.62470873961789,0.027196939646671994,15.651518762360181,0.0013658858093553187,1.0579589633451623,0.998738077090163,14.746181127409086
0.4,4,20260752,500000,95.0,12.669532373511588,0.025267373721275944,12.6954257223906,0.001314366442032129,1.0657955238107595,0.9986461304839044,11.859262623004671
0.4,4,20260752,500000,100.0,10.141089672141723,0.023183513173328736,10.16575457068717,0.0012695841146255949,1.0748225951436987,0.9984994155667418,9.396461011721586
0.4,4,20260752,500000,105.0,8.020079249498746,0.02103289182451131,8.045866046331525,0.0012327048726503299,1.0852137835430677,0.9982810482778884,7.341044585589993
0.4,4,20260752,500000,110.0,6.272383838145853,0.018893041498597316,6.30146084719435,0.001202678947847278,1.0971758745351075,0.9979718209038798,5.660339571496881
0.4,5,20260753,500000,90.0,15.663124863702373,0.027352388802702535,15.654266078361703,0.0013751014021356537,1.0584895669110113,0.9987354861094195,14.746181127409086
0.4,5,20260753,500000,95.0,12.708617007141292,0.025428345586369236,12.69795330459682,0.001322532103317651,1.066330963844365,0.9986465561715597,11.859262623004671
0.4,5,20260753,500000,100.0,10.179130353581906,0.02335250181518807,10.168669532625366,0.00127874063193022,1.0753142380016263,0.9984996450145958,9.396461011721586
0.4,5,20260753,500000,105.0,8.059841148894204,0.021208094877757034,8.046894533688514,0.0012396541636783079,1.0857488597922094,0.9982902240344445,7.341044585589993
0.4,5,20260753,500000,110.0,6.315062800716855,0.01907263327910338,6.302083865833285,0.001208907605690305,1.0976903666209208,0.9979891866053768,5.660339571496881
0.4,6,20260754,500000,90.0,15.654229659698744,0.027305667185606515,15.653533605895976,0.0013732372765548474,1.0584438931366749,0.998734592355683,14.746181127409086
0.4,6,20260754,500000,95.0,12.695055791029315,0.025384781532900698,12.69798202512894,0.0013212642338982317,1.0662664369018577,0.9986445080486825,11.859262623004671
0.4,6,20260754,500000,100.0,10.1619604817454,0.023311695385379524,10.16806942160123,0.0012758977536255806,1.0752932144832041,0.9985010759074868,9.396461011721586
0.4,6,20260754,500000,105.0,8.042310087526573,0.021167780705804485,8.047757554961528,0.001239127230199212,1.0856787943643196,0.9982851596918283,7.341044585589993
0.4,6,20260754,500000,110.0,6.299351663472502,0.019031829339434862,6.302744449850618,0.0012087312768652978,1.0976247162657637,0.9979811359850438,5.660339571496881
0.4,7,20260755,500000,90.0,15.667360074157155,0.02731431018838322,15.653706345700098,0.0013695528435597986,1.0582442534684853,0.9987421746668335,14.746181127409086
0.4,7,20260755,500000,95.0,12.709610787250908,0.025390627774802516,12.698191454627372,0.0013188293035586963,1.0660249191465447,0.9986501250938593,11.859262623004671
0.4,7,20260755,500000,100.0,10.177109461213224,0.02331460580618415,10.16849577819325,0.0012745233046259716,1.0749914877583961,0.9985046796683512,9.396461011721586
0.4,7,20260755,500000,105.0,8.053249392648757,0.02117119978591797,8.047667451106422,0.0012369932194338197,1.0853277098673262,0.9982916186159951,7.341044585589993
0.4,7,20260755,500000,110.0,6.305689981673688,0.019036392980566096,6.302582217819437,0.0012064648080387758,1.0971961841086233,0.997989672774949,5.660339571496881
